Rank,Title,RatingTomatometer,Genres
1,black panther,97,action|adventure
2,mad max: fury road,97,action|adventure
3,wonder woman,93,action|adventure
4,metropolis,99,action|adventure
5,coco,97,action|adventure
6,dunkirk,92,action|adventure
7,incredibles 2,94,action|adventure
8,star wars: the last jedi,91,action|adventure
9,logan,93,action|adventure
10,star wars: episode vii - the force awakens,93,action|adventure
11,king kong,98,action|adventure
12,the adventures of robin hood,100,action|adventure
13,thor: ragnarok,92,action|adventure
14,baby driver,93,action|adventure
15,zootopia,97,action|adventure
16,seven samurai,100,action|adventure
17,spider-man: homecoming,92,action|adventure
18,up,98,action|adventure
19,the jungle book,95,action|adventure
20,war for the planet of the apes,93,action|adventure
21,the treasure of the sierra madre,100,action|adventure
22,lawrence of arabia,98,action|adventure
23,the dark knight,94,action|adventure
24,captain america: civil war,91,action|adventure
25,jaws,97,action|adventure
26,harry potter and the deathly hallows - part 2,96,action|adventure
27,the hurt locker,97,action|adventure
28,aliens,99,action|adventure
29,the lego movie,96,action|adventure
30,skyfall,92,action|adventure
31,ant-man and the wasp,88,action|adventure
32,star wars: episode iv - a new hope,93,action|adventure
33,wall-e,96,action|adventure
34,moana,95,action|adventure
35,the searchers,100,action|adventure
36,star trek,94,action|adventure
37,kubo and the two strings,97,action|adventure
38,the 39 steps,96,action|adventure
39,rio bravo,100,action|adventure
40,the terminator,100,action|adventure
41,mission: impossible rogue nation,93,action|adventure
42,marvel's the avengers,92,action|adventure
43,the african queen,98,action|adventure
44,star wars: episode v - the empire strikes back,95,action|adventure
45,once upon a time in the west,98,action|adventure
46,apocalypse now,96,action|adventure
47,blade runner 2049,87,action|adventure
48,the french connection,98,action|adventure
49,true grit,96,action|adventure
50,isle of dogs,89,action|adventure
51,throne of blood,98,action|adventure
52,"aguirre, the wrath of god",98,action|adventure
53,badlands,98,action|adventure
54,avengers: infinity war,84,action|adventure
55,yellow submarine,97,action|adventure
56,guardians of the galaxy,91,action|adventure
57,iron man,93,action|adventure
58,chicken run,97,action|adventure
59,spartacus,96,action|adventure
60,the princess bride,97,action|adventure
61,hunt for the wilderpeople,96,action|adventure
62,ghostbusters,97,action|adventure
63,goldfinger,97,action|adventure
64,paths of glory,95,action|adventure
65,casino royale,94,action|adventure
66,all is lost,94,action|adventure
67,ran,96,action|adventure
68,the lego batman movie,90,action|adventure
69,doctor strange,89,action|adventure
70,a fistful of dollars,98,action|adventure
71,assault on precinct 13,98,action|adventure
72,x-men: days of future past,90,action|adventure
73,no country for old men,93,action|adventure
74,the lord of the rings: the two towers,95,action|adventure
75,looper,93,action|adventure
76,back to the future,96,action|adventure
77,the right stuff,98,action|adventure
78,gojira,93,action|adventure
79,"crouching tiger, hidden dragon",97,action|adventure
80,the fugitive,96,action|adventure
81,dawn of the planet of the apes,90,action|adventure
82,mad max 2: the road warrior,98,action|adventure
83,mandy,92,action|adventure
84,who framed roger rabbit,97,action|adventure
85,annihilation,89,action|adventure
86,close encounters of the third kind,96,action|adventure
87,diva,98,action|adventure
88,the bridge on the river kwai,94,action|adventure
89,babe,97,action|adventure
90,dr. no,96,action|adventure
91,the lion king,93,action|adventure
92,sicario,92,action|adventure
93,jurassic park,91,action|adventure
94,in the line of fire,96,action|adventure
95,raiders of the lost ark,95,action|adventure
96,from russia with love,96,action|adventure
97,superman,94,action|adventure
98,saving private ryan,93,action|adventure
99,the lord of the rings: the return of the king,93,action|adventure
100,embrace of the serpent,96,action|adventure
1,inside out,98,animation
2,coco,97,animation
3,paddington 2,100,animation
4,incredibles 2,94,animation
5,snow white and the seven dwarfs,98,animation
6,toy story 2,100,animation
7,zootopia,97,animation
8,up,98,animation
9,toy story 3,98,animation
10,finding nemo,99,animation
11,pinocchio,100,animation
12,finding dory,94,animation
13,toy story,100,animation
14,the lego movie,96,animation
15,wall-e,96,animation
16,moana,95,animation
17,kubo and the two strings,97,animation
18,shaun the sheep movie,99,animation
19,ratatouille,96,animation
20,only yesterday,100,animation
21,how to train your dragon,98,animation
22,isle of dogs,89,animation
23,the incredibles,97,animation
24,yellow submarine,97,animation
25,beauty and the beast,94,animation
26,chicken run,97,animation
27,my life as a zucchini,98,animation
28,101 dalmatians,98,animation
29,the nightmare before christmas,95,animation
30,fantasia,96,animation
31,"monsters, inc.",96,animation
32,the lego batman movie,90,animation
33,the iron giant,96,animation
34,spirited away,97,animation
35,tower,99,animation
36,song of the sea,99,animation
37,who framed roger rabbit,97,animation
38,anomalisa,92,animation
39,the lion king,93,animation
40,your name.,97,animation
41,waltz with bashir,96,animation
42,persepolis,96,animation
43,wallace & gromit: the curse of the were-rabbit,95,animation
44,the secret world of arrietty,95,animation
45,ernest & célestine,97,animation
46,the red turtle,93,animation
47,long way north,98,animation
48,aladdin,94,animation
49,fantastic mr. fox,92,animation
50,frozen,90,animation
51,the breadwinner,95,animation
52,ghost in the shell,96,animation
53,coraline,90,animation
54,lady and the tramp,93,animation
55,antz,93,animation
56,the triplets of belleville,94,animation
57,how to train your dragon 2,91,animation
58,bambi,90,animation
59,my neighbor totoro,94,animation
60,big hero 6,89,animation
61,the little mermaid,92,animation
62,a bug's life,92,animation
63,princess mononoke,92,animation
64,arthur christmas,92,animation
65,mary and max,95,animation
66,james and the giant peach,92,animation
67,teen titans go! to the movies,91,animation
68,ponyo,91,animation
69,shrek 2,89,animation
70,bolt,89,animation
71,tangled,89,animation
72,the simpsons movie,88,animation
73,shrek,88,animation
74,frankenweenie,87,animation
75,the wind rises,88,animation
76,boy and the world,93,animation
77,winnie the pooh,91,animation
78,rango,88,animation
79,the illusionist,91,animation
80,paranorman,88,animation
81,the peanuts movie,87,animation
82,kung fu panda,87,animation
83,wreck-it ralph,87,animation
84,millennium actress,92,animation
85,when marnie was there,90,animation
86,the secret of kells,91,animation
87,howl's moving castle,87,animation
88,tarzan,88,animation
89,kung fu panda 3,86,animation
90,the boy and the beast,90,animation
91,captain underpants: the first epic movie,87,animation
92,sausage party,83,animation
93,tokyo godfathers,90,animation
94,mary and the witch's flower,88,animation
95,my dog tulip,90,animation
96,the pirates! band of misfits,86,animation
97,the princess and the frog,85,animation
98,loving vincent,85,animation
99,akira,87,animation
100,tim burton's corpse bride,84,animation
1,the cabinet of dr. caligari,100,art_house|international
2,metropolis,99,art_house|international
3,la grande illusion,97,art_house|international
4,"nosferatu, a symphony of horror",97,art_house|international
5,the battle of algiers,98,art_house|international
6,m,100,art_house|international
7,seven samurai,100,art_house|international
8,the 400 blows,100,art_house|international
9,army of shadows,97,art_house|international
10,rashômon,98,art_house|international
11,the wages of fear,100,art_house|international
12,open city,100,art_house|international
13,tokyo story,100,art_house|international
14,the leopard,100,art_house|international
15,battleship potemkin,100,art_house|international
16,the conformist,98,art_house|international
17,au hasard balthazar,100,art_house|international
18,things to come,100,art_house|international
19,la dolce vita,97,art_house|international
20,let the right one in,98,art_house|international
21,playtime,100,art_house|international
22,the discreet charm of the bourgeoisie,98,art_house|international
23,the rules of the game,98,art_house|international
24,faces places,99,art_house|international
25,the passion of joan of arc,98,art_house|international
26,only yesterday,100,art_house|international
27,tampopo,100,art_house|international
28,the salesman,96,art_house|international
29,throne of blood,98,art_house|international
30,a separation,99,art_house|international
31,"aguirre, the wrath of god",98,art_house|international
32,eyes without a face,98,art_house|international
33,gloria,99,art_house|international
34,8 1/2,98,art_house|international
35,pather panchali,98,art_house|international
36,the umbrellas of cherbourg,98,art_house|international
37,a fantastic woman,94,art_house|international
38,three colors: red,100,art_house|international
39,my life as a zucchini,98,art_house|international
40,le cercle rouge,95,art_house|international
41,the tale of the princess kaguya,100,art_house|international
42,amy,95,art_house|international
43,bpm,98,art_house|international
44,sing street,95,art_house|international
45,ran,96,art_house|international
46,a fistful of dollars,98,art_house|international
47,gett: the trial of viviane amsalem,100,art_house|international
48,solaris,96,art_house|international
49,wings of desire,98,art_house|international
50,the young girls of rochefort,98,art_house|international
51,gojira,93,art_house|international
52,"crouching tiger, hidden dragon",97,art_house|international
53,timbuktu,98,art_house|international
54,jiro dreams of sushi,99,art_house|international
55,diva,98,art_house|international
56,aruitemo aruitemo,100,art_house|international
57,the taste of others,100,art_house|international
58,all about my mother,98,art_house|international
59,toni erdmann,93,art_house|international
60,waste land,100,art_house|international
61,the band's visit,98,art_house|international
62,poetry,100,art_house|international
63,the vanishing,98,art_house|international
64,loveless,94,art_house|international
65,elevator to the gallows,93,art_house|international
66,god's own country,97,art_house|international
67,afghan star,100,art_house|international
68,a prophet,97,art_house|international
69,waltz with bashir,96,art_house|international
70,three colors: blue,98,art_house|international
71,embrace of the serpent,96,art_house|international
72,after the storm,96,art_house|international
73,about elly,99,art_house|international
74,fireworks wednesday,100,art_house|international
75,last train home,100,art_house|international
76,the seventh seal,93,art_house|international
77,project nim,97,art_house|international
78,monsieur lazhar,97,art_house|international
79,mafioso,96,art_house|international
80,maria full of grace,97,art_house|international
81,hero,95,art_house|international
82,an education,95,art_house|international
83,nostalgia for the light,100,art_house|international
84,amour,93,art_house|international
85,l'avventura,95,art_house|international
86,the look of silence,96,art_house|international
87,rivers and tides: andy goldsworthy working with time,99,art_house|international
88,moolaadé,99,art_house|international
89,the class,95,art_house|international
90,the man without a past,98,art_house|international
91,the twilight samurai,99,art_house|international
92,the kid with a bike,96,art_house|international
93,this is not a film,97,art_house|international
94,rififi,94,art_house|international
95,the secret world of arrietty,95,art_house|international
96,elle,91,art_house|international
97,district 9,90,art_house|international
98,ernest & célestine,97,art_house|international
99,"sex, lies, and videotape",96,art_house|international
100,the red turtle,93,art_house|international
1,the wizard of oz,98,classics
2,citizen kane,100,classics
3,the third man,99,classics
4,the cabinet of dr. caligari,100,classics
5,all about eve,100,classics
6,metropolis,99,classics
7,it happened one night,98,classics
8,modern times,100,classics
9,casablanca,97,classics
10,la grande illusion,97,classics
11,singin' in the rain,100,classics
12,psycho,97,classics
13,laura,100,classics
14,a hard day's night,98,classics
15,king kong,98,classics
16,"nosferatu, a symphony of horror",97,classics
17,snow white and the seven dwarfs,98,classics
18,the adventures of robin hood,100,classics
19,repulsion,100,classics
20,north by northwest,99,classics
21,sunset boulevard,98,classics
22,rear window,100,classics
23,the bride of frankenstein,100,classics
24,the philadelphia story,100,classics
25,touch of evil,96,classics
26,seven samurai,100,classics
27,all quiet on the western front,100,classics
28,12 angry men,100,classics
29,the treasure of the sierra madre,100,classics
30,a streetcar named desire,98,classics
31,vertigo,96,classics
32,the 400 blows,100,classics
33,rebecca,100,classics
34,lawrence of arabia,98,classics
35,rosemary's baby,99,classics
36,dr. strangelove or how i learned to stop worrying and love the bomb,99,classics
37,frankenstein,100,classics
38,rashômon,98,classics
39,on the waterfront,98,classics
40,the grapes of wrath,100,classics
41,the big sleep,97,classics
42,roman holiday,98,classics
43,the lady vanishes,98,classics
44,the last picture show,100,classics
45,cool hand luke,100,classics
46,the leopard,100,classics
47,chinatown,98,classics
48,battleship potemkin,100,classics
49,the searchers,100,classics
50,anatomy of a murder,100,classics
51,invasion of the body snatchers,98,classics
52,gone with the wind,92,classics
53,an american in paris,95,classics
54,the gold rush,100,classics
55,the 39 steps,96,classics
56,the red shoes,96,classics
57,rio bravo,100,classics
58,sweet smell of success,98,classics
59,to be or not to be,98,classics
60,mary poppins,100,classics
61,the african queen,98,classics
62,city lights,98,classics
63,miracle on 34th street,96,classics
64,2001: a space odyssey,93,classics
65,his girl friday,98,classics
66,it's a wonderful life,93,classics
67,night of the living dead,97,classics
68,the french connection,98,classics
69,the passion of joan of arc,98,classics
70,throne of blood,98,classics
71,badlands,98,classics
72,the manchurian candidate,98,classics
73,gentlemen prefer blondes,98,classics
74,freaks,94,classics
75,the birth of a nation,98,classics
76,spartacus,96,classics
77,forbidden planet,98,classics
78,the best years of our lives,96,classics
79,101 dalmatians,98,classics
80,goldfinger,97,classics
81,paths of glory,95,classics
82,bringing up baby,95,classics
83,some like it hot,96,classics
84,duck soup,94,classics
85,fantasia,96,classics
86,sunrise: a song of two humans,98,classics
87,the day the earth stood still,94,classics
88,ran,96,classics
89,rebel without a cause,96,classics
90,peeping tom,96,classics
91,a fistful of dollars,98,classics
92,the lord of the rings: the two towers,95,classics
93,the apartment,94,classics
94,the birds,96,classics
95,the young girls of rochefort,98,classics
96,one flew over the cuckoo's nest,94,classics
97,the bridge on the river kwai,94,classics
98,dr. no,96,classics
99,mean streets,96,classics
100,don't look now,96,classics
1,lady bird,99,comedy
2,blackkklansman,95,comedy
3,coco,97,comedy
4,it happened one night,98,comedy
5,modern times,100,comedy
6,paddington 2,100,comedy
7,the big sick,98,comedy
8,eighth grade,99,comedy
9,singin' in the rain,100,comedy
10,a hard day's night,98,comedy
11,la la land,91,comedy
12,the philadelphia story,100,comedy
13,toy story 2,100,comedy
14,zootopia,97,comedy
15,up,98,comedy
16,"three billboards outside ebbing, missouri",91,comedy
17,toy story 3,98,comedy
18,finding nemo,99,comedy
19,dr. strangelove or how i learned to stop worrying and love the bomb,99,comedy
20,the death of stalin,96,comedy
21,roman holiday,98,comedy
22,toy story,100,comedy
23,the lego movie,96,comedy
24,ant-man and the wasp,88,comedy
25,crazy rich asians,91,comedy
26,monty python and the holy grail,97,comedy
27,paterson,96,comedy
28,sorry to bother you,93,comedy
29,the gold rush,100,comedy
30,shaun the sheep movie,99,comedy
31,la dolce vita,97,comedy
32,to be or not to be,98,comedy
33,mary poppins,100,comedy
34,city lights,98,comedy
35,birdman,91,comedy
36,love & friendship,97,comedy
37,playtime,100,comedy
38,the disaster artist,91,comedy
39,annie hall,97,comedy
40,the discreet charm of the bourgeoisie,98,comedy
41,the artist,95,comedy
42,his girl friday,98,comedy
43,ratatouille,96,comedy
44,the rules of the game,98,comedy
45,tampopo,100,comedy
46,isle of dogs,89,comedy
47,the incredibles,97,comedy
48,gentlemen prefer blondes,98,comedy
49,the nice guys,92,comedy
50,yellow submarine,97,comedy
51,paddington,98,comedy
52,spy,94,comedy
53,chicken run,97,comedy
54,logan lucky,92,comedy
55,hunt for the wilderpeople,96,comedy
56,101 dalmatians,98,comedy
57,airplane!,97,comedy
58,ghostbusters,97,comedy
59,bringing up baby,95,comedy
60,big,97,comedy
61,some like it hot,96,comedy
62,duck soup,94,comedy
63,the player,98,comedy
64,don't think twice,98,comedy
65,"monsters, inc.",96,comedy
66,the lego batman movie,90,comedy
67,monty python's life of brian,97,comedy
68,the grand budapest hotel,91,comedy
69,sideways,96,comedy
70,the apartment,94,comedy
71,back to the future,96,comedy
72,the edge of seventeen,95,comedy
73,groundhog day,96,comedy
74,what we do in the shadows,96,comedy
75,tangerine,97,comedy
76,bull durham,97,comedy
77,who framed roger rabbit,97,comedy
78,moonrise kingdom,93,comedy
79,anomalisa,92,comedy
80,lost in translation,95,comedy
81,enough said,95,comedy
82,broadcast news,98,comedy
83,the taste of others,100,comedy
84,the muppets,95,comedy
85,the band's visit,98,comedy
86,hannah gadsby: nanette,100,comedy
87,repo man,98,comedy
88,the truman show,94,comedy
89,le havre,99,comedy
90,say anything...,98,comedy
91,wallace & gromit: the curse of the were-rabbit,95,comedy
92,hairspray,98,comedy
93,silver linings playbook,92,comedy
94,american graffiti,96,comedy
95,monsieur lazhar,97,comedy
96,juno,94,comedy
97,mafioso,96,comedy
98,we are the best!,96,comedy
99,manhattan,95,comedy
100,bullets over broadway,97,comedy
1,won't you be my neighbor?,98,documentary
2,i am not your negro,98,documentary
3,man on wire,100,documentary
4,life itself,97,documentary
5,faces places,99,documentary
6,20 feet from stardom,99,documentary
7,three identical strangers,96,documentary
8,the last waltz,98,documentary
9,amy,95,documentary
10,taxi to the dark side,100,documentary
11,kedi,98,documentary
12,blackfish,98,documentary
13,citizenfour,97,documentary
14,murderball,98,documentary
15,minding the gap,100,documentary
16,shirkers,100,documentary
17,tower,99,documentary
18,weiner,96,documentary
19,inside job,98,documentary
20,the missing picture,99,documentary
21,deliver us from evil,100,documentary
22,seymour: an introduction,100,documentary
23,rbg,95,documentary
24,anvil! the story of anvil,98,documentary
25,jiro dreams of sushi,99,documentary
26,bright lights: starring carrie fisher and debbie reynolds,100,documentary
27,the square,100,documentary
28,waste land,100,documentary
29,hoop dreams,98,documentary
30,"mr. death: the rise and fall of fred a. leuchter, jr.",100,documentary
31,strong island,100,documentary
32,afghan star,100,documentary
33,capturing the friedmans,97,documentary
34,waltz with bashir,96,documentary
35,iris,98,documentary
36,the overnighters,99,documentary
37,jodorowsky's dune,97,documentary
38,the interrupters,99,documentary
39,how to survive a plague,99,documentary
40,march of the penguins,95,documentary
41,56 up,99,documentary
42,last train home,100,documentary
43,the invisible war,99,documentary
44,kurt cobain: montage of heck,98,documentary
45,project nim,97,documentary
46,spellbound,97,documentary
47,everyday sunshine: the story of fishbone,100,documentary
48,nostalgia for the light,100,documentary
49,we were here,100,documentary
50,enron: the smartest guys in the room,97,documentary
51,bill cunningham new york,99,documentary
52,the look of silence,96,documentary
53,rivers and tides: andy goldsworthy working with time,99,documentary
54,when we were kings,98,documentary
55,the act of killing,95,documentary
56,13th,97,documentary
57,this is not a film,97,documentary
58,elaine stritch: shoot me,98,documentary
59,hitchcock/truffaut,96,documentary
60,the king of kong: a fistful of quarters,97,documentary
61,the fog of war: eleven lessons from the life of robert s. mcnamara,96,documentary
62,bowling for columbine,95,documentary
63,the imposter,96,documentary
64,the war tapes,98,documentary
65,cave of forgotten dreams,96,documentary
66,west of memphis,96,documentary
67,the beatles: eight days a week - the touring years,96,documentary
68,ai weiwei: never sorry,97,documentary
69,beware of mr. baker,98,documentary
70,jafar panahi's taxi,96,documentary
71,marwencol,98,documentary
72,undefeated,96,documentary
73,sicko,92,documentary
74,finders keepers,98,documentary
75,mea maxima culpa: silence in the house of god,98,documentary
76,blindsight,98,documentary
77,sound city,98,documentary
78,the devil came on horseback,98,documentary
79,call me kuchu,98,documentary
80,the island president,98,documentary
81,for the bible tells me so,98,documentary
82,welcome to leith,98,documentary
83,keep on keepin' on,98,documentary
84,let the fire burn,98,documentary
85,restrepo,96,documentary
86,the life and times of hank greenberg,97,documentary
87,born to be wild,98,documentary
88,surfwise,98,documentary
89,"lo and behold, reveries of the connected world",94,documentary
90,bus 174,97,documentary
91,stories we tell,94,documentary
92,wordplay,95,documentary
93,control room,96,documentary
94,burma vj: reporter i et lukket land,97,documentary
95,no end in sight,96,documentary
96,49 up,97,documentary
97,the cove,95,documentary
98,winged migration,95,documentary
99,muscle shoals,96,documentary
100,the queen of versailles,95,documentary
1,black panther,97,drama
2,lady bird,99,drama
3,citizen kane,100,drama
4,blackkklansman,95,drama
5,moonlight,98,drama
6,wonder woman,93,drama
7,all about eve,100,drama
8,metropolis,99,drama
9,a quiet place,95,drama
10,spotlight,97,drama
11,dunkirk,92,drama
12,selma,99,drama
13,casablanca,97,drama
14,la grande illusion,97,drama
15,the godfather,98,drama
16,call me by your name,95,drama
17,arrival,94,drama
18,leave no trace,100,drama
19,star wars: the last jedi,91,drama
20,logan,93,drama
21,the shape of water,92,drama
22,boyhood,97,drama
23,the maltese falcon,100,drama
24,gravity,96,drama
25,12 years a slave,95,drama
26,argo,96,drama
27,repulsion,100,drama
28,sunset boulevard,98,drama
29,thor: ragnarok,92,drama
30,rear window,100,drama
31,the battle of algiers,98,drama
32,baby driver,93,drama
33,the florida project,96,drama
34,alien,97,drama
35,la la land,91,drama
36,manchester by the sea,95,drama
37,bicycle thieves,98,drama
38,m,100,drama
39,taxi driver,98,drama
40,touch of evil,96,drama
41,seven samurai,100,drama
42,spider-man: homecoming,92,drama
43,all quiet on the western front,100,drama
44,hell or high water,97,drama
45,war for the planet of the apes,93,drama
46,12 angry men,100,drama
47,the treasure of the sierra madre,100,drama
48,"three billboards outside ebbing, missouri",91,drama
49,the babadook,98,drama
50,a streetcar named desire,98,drama
51,vertigo,96,drama
52,the 400 blows,100,drama
53,rebecca,100,drama
54,brooklyn,97,drama
55,the night of the hunter,98,drama
56,lawrence of arabia,98,drama
57,army of shadows,97,drama
58,the dark knight,94,drama
59,the death of stalin,96,drama
60,the wrestler,98,drama
61,rashômon,98,drama
62,jaws,97,drama
63,the wages of fear,100,drama
64,l.a. confidential,99,drama
65,creed,95,drama
66,open city,100,drama
67,on the waterfront,98,drama
68,harry potter and the deathly hallows - part 2,96,drama
69,the grapes of wrath,100,drama
70,tokyo story,100,drama
71,the big sleep,97,drama
72,roman holiday,98,drama
73,the hurt locker,97,drama
74,the last picture show,100,drama
75,cool hand luke,100,drama
76,the leopard,100,drama
77,star wars: episode iv - a new hope,93,drama
78,paterson,96,drama
79,phantom thread,91,drama
80,room,94,drama
81,hidden figures,93,drama
82,"i, tonya",89,drama
83,"the godfather, part ii",97,drama
84,chinatown,98,drama
85,battleship potemkin,100,drama
86,the searchers,100,drama
87,the post,88,drama
88,anatomy of a murder,100,drama
89,gone with the wind,92,drama
90,carol,94,drama
91,nightcrawler,95,drama
92,star trek,94,drama
93,before midnight,98,drama
94,the conformist,98,drama
95,au hasard balthazar,100,drama
96,things to come,100,drama
97,the red shoes,96,drama
98,schindler's list,97,drama
99,la dolce vita,97,drama
100,sweet smell of success,98,drama
1,get out,98,horror
2,the cabinet of dr. caligari,100,horror
3,a quiet place,95,horror
4,psycho,97,horror
5,king kong,98,horror
6,"nosferatu, a symphony of horror",97,horror
7,repulsion,100,horror
8,the bride of frankenstein,100,horror
9,the babadook,98,horror
10,rosemary's baby,99,horror
11,frankenstein,100,horror
12,aliens,99,horror
13,it follows,96,horror
14,let the right one in,98,horror
15,night of the living dead,97,horror
16,hereditary,89,horror
17,eyes without a face,98,horror
18,freaks,94,horror
19,the witch,91,horror
20,the silence of the lambs,96,horror
21,pan's labyrinth,95,horror
22,evil dead 2: dead by dawn,98,horror
23,the birds,96,horror
24,halloween,95,horror
25,gojira,93,horror
26,don't look now,96,horror
27,the vanishing,98,horror
28,the innocents,96,horror
29,the cabin in the woods,91,horror
30,a girl walks home alone at night,96,horror
31,drag me to hell,92,horror
32,it,85,horror
33,invasion of the body snatchers,94,horror
34,the evil dead,95,horror
35,the endless,95,horror
36,carrie,93,horror
37,re-animator,95,horror
38,young frankenstein,93,horror
39,the loved ones,98,horror
40,nosferatu: phantom der nacht,94,horror
41,the love witch,95,horror
42,room 237,94,horror
43,suspiria,93,horror
44,train to busan,95,horror
45,a nightmare on elm street,94,horror
46,shaun of the dead,92,horror
47,the host,93,horror
48,dracula,91,horror
49,the fly,92,horror
50,zombieland,90,horror
51,what ever happened to baby jane?,92,horror
52,cam,94,horror
53,eraserhead,91,horror
54,it comes at night,87,horror
55,dawn of the dead,93,horror
56,don't breathe,88,horror
57,phantom of the opera,91,horror
58,we are still here,95,horror
59,the wicker man,90,horror
60,little shop of horrors,90,horror
61,the texas chainsaw massacre,88,horror
62,let me in,88,horror
63,frankenweenie,87,horror
64,upgrade,87,horror
65,halloween,79,horror
66,the blair witch project,87,horror
67,the exorcist,86,horror
68,the conjuring,86,horror
69,the dead zone,90,horror
70,bone tomahawk,91,horror
71,misery,89,horror
72,the shining,86,horror
73,cronos,90,horror
74,the orphanage,87,horror
75,28 days later,86,horror
76,gerald's game,90,horror
77,the devil's candy,91,horror
78,an american werewolf in london,88,horror
79,near dark,88,horror
80,poltergeist,86,horror
81,henry: portrait of a serial killer,86,horror
82,this is the end,83,horror
83,chronicle,85,horror
84,the descent,85,horror
85,the omen,86,horror
86,donnie darko: the director's cut,90,horror
87,save the green planet,90,horror
88,slither,86,horror
89,ginger snaps,89,horror
90,the autopsy of jane doe,87,horror
91,a field in england,88,horror
92,backcountry,89,horror
93,goodnight mommy,85,horror
94,altered states,86,horror
95,the thing,84,horror
96,better watch out,88,horror
97,they live,85,horror
98,the house of the devil,87,horror
99,the conjuring 2,80,horror
100,the others,84,horror
1,the wizard of oz,98,kids|family
2,inside out,98,kids|family
3,e.t. the extra-terrestrial,98,kids|family
4,coco,97,kids|family
5,paddington 2,100,kids|family
6,incredibles 2,94,kids|family
7,snow white and the seven dwarfs,98,kids|family
8,toy story 2,100,kids|family
9,up,98,kids|family
10,the jungle book,95,kids|family
11,toy story 3,98,kids|family
12,finding nemo,99,kids|family
13,pinocchio,100,kids|family
14,harry potter and the deathly hallows - part 2,96,kids|family
15,toy story,100,kids|family
16,the lego movie,96,kids|family
17,moana,95,kids|family
18,mary poppins,100,kids|family
19,miracle on 34th street,96,kids|family
20,it's a wonderful life,93,kids|family
21,ratatouille,96,kids|family
22,how to train your dragon,98,kids|family
23,the incredibles,97,kids|family
24,yellow submarine,97,kids|family
25,paddington,98,kids|family
26,beauty and the beast,94,kids|family
27,chicken run,97,kids|family
28,the princess bride,97,kids|family
29,my life as a zucchini,98,kids|family
30,101 dalmatians,98,kids|family
31,the nightmare before christmas,95,kids|family
32,big,97,kids|family
33,fantasia,96,kids|family
34,"monsters, inc.",96,kids|family
35,the lego batman movie,90,kids|family
36,the iron giant,96,kids|family
37,spirited away,97,kids|family
38,song of the sea,99,kids|family
39,who framed roger rabbit,97,kids|family
40,babe,97,kids|family
41,the lion king,93,kids|family
42,the muppets,95,kids|family
43,about elly,99,kids|family
44,wallace & gromit: the curse of the were-rabbit,95,kids|family
45,my fair lady,96,kids|family
46,the straight story,96,kids|family
47,hugo,93,kids|family
48,aladdin,94,kids|family
49,fantastic mr. fox,92,kids|family
50,enchanted,93,kids|family
51,frozen,90,kids|family
52,the breadwinner,95,kids|family
53,coraline,90,kids|family
54,lady and the tramp,93,kids|family
55,antz,93,kids|family
56,jason and the argonauts,93,kids|family
57,how to train your dragon 2,91,kids|family
58,bambi,90,kids|family
59,the secret of roan inish,95,kids|family
60,my neighbor totoro,94,kids|family
61,big hero 6,89,kids|family
62,harry potter and the prisoner of azkaban,90,kids|family
63,the little mermaid,92,kids|family
64,spy kids,93,kids|family
65,how green was my valley,90,kids|family
66,l'heure d'été,94,kids|family
67,pete's dragon,88,kids|family
68,a bug's life,92,kids|family
69,princess mononoke,92,kids|family
70,a monster calls,86,kids|family
71,arthur christmas,92,kids|family
72,harry potter and the goblet of fire,88,kids|family
73,james and the giant peach,92,kids|family
74,that thing you do!,93,kids|family
75,teen titans go! to the movies,91,kids|family
76,willy wonka and the chocolate factory,91,kids|family
77,ponyo,91,kids|family
78,shrek 2,89,kids|family
79,tangled,89,kids|family
80,first position,93,kids|family
81,shrek,88,kids|family
82,lassie,93,kids|family
83,duma,93,kids|family
84,winnie the pooh,91,kids|family
85,rango,88,kids|family
86,a christmas story,89,kids|family
87,paranorman,88,kids|family
88,the peanuts movie,87,kids|family
89,the sound of music,85,kids|family
90,kung fu panda,87,kids|family
91,wreck-it ralph,87,kids|family
92,millions,88,kids|family
93,the secret of kells,91,kids|family
94,howl's moving castle,87,kids|family
95,cinderella,84,kids|family
96,disneynature bears,91,kids|family
97,the muppet movie,88,kids|family
98,harry potter and the half-blood prince,83,kids|family
99,the karate kid,88,kids|family
100,freaky friday,87,kids|family
1,the wizard of oz,98,musical|performing_arts
2,singin' in the rain,100,musical|performing_arts
3,a hard day's night,98,musical|performing_arts
4,la la land,91,musical|performing_arts
5,pinocchio,100,musical|performing_arts
6,an american in paris,95,musical|performing_arts
7,the red shoes,96,musical|performing_arts
8,mary poppins,100,musical|performing_arts
9,gentlemen prefer blondes,98,musical|performing_arts
10,yellow submarine,97,musical|performing_arts
11,the umbrellas of cherbourg,98,musical|performing_arts
12,beauty and the beast,94,musical|performing_arts
13,20 feet from stardom,99,musical|performing_arts
14,the last waltz,98,musical|performing_arts
15,amy,95,musical|performing_arts
16,some like it hot,96,musical|performing_arts
17,fantasia,96,musical|performing_arts
18,sing street,95,musical|performing_arts
19,the young girls of rochefort,98,musical|performing_arts
20,once,97,musical|performing_arts
21,anvil! the story of anvil,98,musical|performing_arts
22,the lion king,93,musical|performing_arts
23,waste land,100,musical|performing_arts
24,west side story,94,musical|performing_arts
25,amadeus,94,musical|performing_arts
26,afghan star,100,musical|performing_arts
27,hairspray,98,musical|performing_arts
28,we are the best!,96,musical|performing_arts
29,everyday sunshine: the story of fishbone,100,musical|performing_arts
30,bill cunningham new york,99,musical|performing_arts
31,my fair lady,96,musical|performing_arts
32,rivers and tides: andy goldsworthy working with time,99,musical|performing_arts
33,johnny guitar,95,musical|performing_arts
34,what's love got to do with it?,96,musical|performing_arts
35,aladdin,94,musical|performing_arts
36,beware of mr. baker,98,musical|performing_arts
37,sound city,98,musical|performing_arts
38,nashville,92,musical|performing_arts
39,keep on keepin' on,98,musical|performing_arts
40,wordplay,95,musical|performing_arts
41,49 up,97,musical|performing_arts
42,the full monty,96,musical|performing_arts
43,muscle shoals,96,musical|performing_arts
44,marley,95,musical|performing_arts
45,hairspray,91,musical|performing_arts
46,searching for sugar man,94,musical|performing_arts
47,les plages d'agnès,96,musical|performing_arts
48,festival express,96,musical|performing_arts
49,"20,000 days on earth",95,musical|performing_arts
50,exit through the gift shop,95,musical|performing_arts
51,funny girl,93,musical|performing_arts
52,love & mercy,90,musical|performing_arts
53,born into brothels,95,musical|performing_arts
54,pina,95,musical|performing_arts
55,crumb,95,musical|performing_arts
56,the little mermaid,92,musical|performing_arts
57,marina abramovic: the artist is present,96,musical|performing_arts
58,los angeles plays itself,96,musical|performing_arts
59,straight outta compton,88,musical|performing_arts
60,lost in la mancha,94,musical|performing_arts
61,lagaan: once upon a time in india,95,musical|performing_arts
62,hedwig and the angry inch,93,musical|performing_arts
63,crazy heart,90,musical|performing_arts
64,my kid could paint that,94,musical|performing_arts
65,end of the century: the story of the ramones,95,musical|performing_arts
66,the wrecking crew,94,musical|performing_arts
67,willy wonka and the chocolate factory,91,musical|performing_arts
68,dave chappelle's block party,92,musical|performing_arts
69,the filth and the fury,95,musical|performing_arts
70,the sapphires,91,musical|performing_arts
71,sing your song,95,musical|performing_arts
72,tangled,89,musical|performing_arts
73,a band called death,94,musical|performing_arts
74,florence foster jenkins,87,musical|performing_arts
75,my architect,93,musical|performing_arts
76,little shop of horrors,90,musical|performing_arts
77,every little step,92,musical|performing_arts
78,u2 3d,92,musical|performing_arts
79,sid and nancy,88,musical|performing_arts
80,scratch,93,musical|performing_arts
81,the sound of music,85,musical|performing_arts
82,f for fake,88,musical|performing_arts
83,ballets russes,92,musical|performing_arts
84,standing in the shadows of motown,91,musical|performing_arts
85,shine,91,musical|performing_arts
86,born to be blue,89,musical|performing_arts
87,five easy pieces,87,musical|performing_arts
88,neil young: heart of gold,90,musical|performing_arts
89,buena vista social club,91,musical|performing_arts
90,topsy-turvy,89,musical|performing_arts
91,chicago,85,musical|performing_arts
92,sweeney todd: the demon barber of fleet street,85,musical|performing_arts
93,the devil and daniel johnston,89,musical|performing_arts
94,the muppet movie,88,musical|performing_arts
95,caesar must die,91,musical|performing_arts
96,metallica: some kind of monster,89,musical|performing_arts
97,the punk singer,90,musical|performing_arts
98,control,88,musical|performing_arts
99,mamma mia! here we go again,80,musical|performing_arts
100,beats rhymes & life: the travels of a tribe called quest,90,musical|performing_arts
1,citizen kane,100,mystery|suspense
2,get out,98,mystery|suspense
3,the third man,99,mystery|suspense
4,the cabinet of dr. caligari,100,mystery|suspense
5,a quiet place,95,mystery|suspense
6,spotlight,97,mystery|suspense
7,arrival,94,mystery|suspense
8,psycho,97,mystery|suspense
9,laura,100,mystery|suspense
10,the maltese falcon,100,mystery|suspense
11,argo,96,mystery|suspense
12,repulsion,100,mystery|suspense
13,north by northwest,99,mystery|suspense
14,rear window,100,mystery|suspense
15,alien,97,mystery|suspense
16,m,100,mystery|suspense
17,taxi driver,98,mystery|suspense
18,touch of evil,96,mystery|suspense
19,hell or high water,97,mystery|suspense
20,the babadook,98,mystery|suspense
21,vertigo,96,mystery|suspense
22,rebecca,100,mystery|suspense
23,the night of the hunter,98,mystery|suspense
24,rosemary's baby,99,mystery|suspense
25,rashômon,98,mystery|suspense
26,jaws,97,mystery|suspense
27,the wages of fear,100,mystery|suspense
28,l.a. confidential,99,mystery|suspense
29,harry potter and the deathly hallows - part 2,96,mystery|suspense
30,the big sleep,97,mystery|suspense
31,the lady vanishes,98,mystery|suspense
32,high noon,96,mystery|suspense
33,skyfall,92,mystery|suspense
34,"the godfather, part ii",97,mystery|suspense
35,chinatown,98,mystery|suspense
36,the post,88,mystery|suspense
37,anatomy of a murder,100,mystery|suspense
38,invasion of the body snatchers,98,mystery|suspense
39,nightcrawler,95,mystery|suspense
40,strangers on a train,98,mystery|suspense
41,the 39 steps,96,mystery|suspense
42,the salesman,96,mystery|suspense
43,badlands,98,mystery|suspense
44,the manchurian candidate,98,mystery|suspense
45,eyes without a face,98,mystery|suspense
46,freaks,94,mystery|suspense
47,the conversation,98,mystery|suspense
48,the silence of the lambs,96,mystery|suspense
49,forbidden planet,98,mystery|suspense
50,101 dalmatians,98,mystery|suspense
51,goldfinger,97,mystery|suspense
52,le cercle rouge,95,mystery|suspense
53,sunrise: a song of two humans,98,mystery|suspense
54,casino royale,94,mystery|suspense
55,eye in the sky,95,mystery|suspense
56,all is lost,94,mystery|suspense
57,the guilty,99,mystery|suspense
58,blood simple,94,mystery|suspense
59,peeping tom,96,mystery|suspense
60,assault on precinct 13,98,mystery|suspense
61,no country for old men,93,mystery|suspense
62,looper,93,mystery|suspense
63,the birds,96,mystery|suspense
64,halloween,95,mystery|suspense
65,the fugitive,96,mystery|suspense
66,bridge of spies,91,mystery|suspense
67,mad max 2: the road warrior,98,mystery|suspense
68,searching,92,mystery|suspense
69,mandy,92,mystery|suspense
70,who framed roger rabbit,97,mystery|suspense
71,close encounters of the third kind,96,mystery|suspense
72,diva,98,mystery|suspense
73,dr. no,96,mystery|suspense
74,ex machina,92,mystery|suspense
75,sicario,92,mystery|suspense
76,jurassic park,91,mystery|suspense
77,don't look now,96,mystery|suspense
78,10 cloverfield lane,90,mystery|suspense
79,in the line of fire,96,mystery|suspense
80,from russia with love,96,mystery|suspense
81,the vanishing,98,mystery|suspense
82,elevator to the gallows,93,mystery|suspense
83,in the heat of the night,96,mystery|suspense
84,wake in fright,100,mystery|suspense
85,three colors: blue,98,mystery|suspense
86,blue ruin,96,mystery|suspense
87,the cabin in the woods,91,mystery|suspense
88,the killer,98,mystery|suspense
89,the bourne ultimatum,92,mystery|suspense
90,to catch a thief,95,mystery|suspense
91,gone girl,87,mystery|suspense
92,the imitation game,90,mystery|suspense
93,blue velvet,94,mystery|suspense
94,l'avventura,95,mystery|suspense
95,diabolique,95,mystery|suspense
96,a girl walks home alone at night,96,mystery|suspense
97,children of men,92,mystery|suspense
98,wild tales,95,mystery|suspense
99,you were never really here,89,mystery|suspense
100,drag me to hell,92,mystery|suspense
1,it happened one night,98,romance
2,casablanca,97,romance
3,the big sick,98,romance
4,call me by your name,95,romance
5,singin' in the rain,100,romance
6,the shape of water,92,romance
7,the adventures of robin hood,100,romance
8,the philadelphia story,100,romance
9,vertigo,96,romance
10,on the waterfront,98,romance
11,roman holiday,98,romance
12,gone with the wind,92,romance
13,an american in paris,95,romance
14,carol,94,romance
15,before midnight,98,romance
16,the red shoes,96,romance
17,the african queen,98,romance
18,city lights,98,romance
19,beauty and the beast,95,romance
20,miracle on 34th street,96,romance
21,annie hall,97,romance
22,the artist,95,romance
23,her,94,romance
24,only yesterday,100,romance
25,gentlemen prefer blondes,98,romance
26,the umbrellas of cherbourg,98,romance
27,beauty and the beast,94,romance
28,three colors: red,100,romance
29,the princess bride,97,romance
30,the best years of our lives,96,romance
31,bringing up baby,95,romance
32,sunrise: a song of two humans,98,romance
33,the hustler,98,romance
34,before sunrise,100,romance
35,sideways,96,romance
36,the apartment,94,romance
37,groundhog day,96,romance
38,wings of desire,98,romance
39,the young girls of rochefort,98,romance
40,bull durham,97,romance
41,"crouching tiger, hidden dragon",97,romance
42,sense and sensibility,98,romance
43,lost in translation,95,romance
44,enough said,95,romance
45,titanic,89,romance
46,slumdog millionaire,91,romance
47,west side story,94,romance
48,elevator to the gallows,93,romance
49,god's own country,97,romance
50,your name.,97,romance
51,three colors: blue,98,romance
52,say anything...,98,romance
53,to catch a thief,95,romance
54,daughters of the dust,98,romance
55,manhattan,95,romance
56,a girl walks home alone at night,96,romance
57,shakespeare in love,92,romance
58,giant,95,romance
59,up in the air,91,romance
60,eternal sunshine of the spotless mind,93,romance
61,the lunchbox,96,romance
62,before sunset,95,romance
63,dave,95,romance
64,the town,93,romance
65,midnight in paris,93,romance
66,from here to eternity,92,romance
67,four weddings and a funeral,95,romance
68,a summer's tale,98,romance
69,the crying game,94,romance
70,enchanted,93,romance
71,big night,96,romance
72,howards end,94,romance
73,million dollar baby,91,romance
74,about a boy,93,romance
75,the general,94,romance
76,knocked up,90,romance
77,monsoon wedding,95,romance
78,masculin feminin,92,romance
79,hamlet,95,romance
80,revanche,96,romance
81,to all the boys i've loved before,96,romance
82,out of sight,93,romance
83,the graduate,89,romance
84,the remains of the day,95,romance
85,strictly ballroom,95,romance
86,the spectacular now,92,romance
87,moonstruck,93,romance
88,the little mermaid,92,romance
89,the duke of burgundy,94,romance
90,brief encounter,90,romance
91,the piano,92,romance
92,southside with you,91,romance
93,y tu mama tambien,92,romance
94,lone star,94,romance
95,hannah and her sisters,91,romance
96,crazy heart,90,romance
97,kung fu hustle,90,romance
98,open hearts,95,romance
99,obvious child,90,romance
100,husbands and wives,93,romance
1,black panther,97,science_fiction|fantasy
2,the wizard of oz,98,science_fiction|fantasy
3,mad max: fury road,97,science_fiction|fantasy
4,wonder woman,93,science_fiction|fantasy
5,e.t. the extra-terrestrial,98,science_fiction|fantasy
6,metropolis,99,science_fiction|fantasy
7,arrival,94,science_fiction|fantasy
8,star wars: the last jedi,91,science_fiction|fantasy
9,logan,93,science_fiction|fantasy
10,the shape of water,92,science_fiction|fantasy
11,gravity,96,science_fiction|fantasy
12,star wars: episode vii - the force awakens,93,science_fiction|fantasy
13,"nosferatu, a symphony of horror",97,science_fiction|fantasy
14,snow white and the seven dwarfs,98,science_fiction|fantasy
15,thor: ragnarok,92,science_fiction|fantasy
16,the bride of frankenstein,100,science_fiction|fantasy
17,alien,97,science_fiction|fantasy
18,toy story 2,100,science_fiction|fantasy
19,spider-man: homecoming,92,science_fiction|fantasy
20,war for the planet of the apes,93,science_fiction|fantasy
21,toy story 3,98,science_fiction|fantasy
22,dr. strangelove or how i learned to stop worrying and love the bomb,99,science_fiction|fantasy
23,frankenstein,100,science_fiction|fantasy
24,the dark knight,94,science_fiction|fantasy
25,captain america: civil war,91,science_fiction|fantasy
26,pinocchio,100,science_fiction|fantasy
27,harry potter and the deathly hallows - part 2,96,science_fiction|fantasy
28,aliens,99,science_fiction|fantasy
29,toy story,100,science_fiction|fantasy
30,ant-man and the wasp,88,science_fiction|fantasy
31,star wars: episode iv - a new hope,93,science_fiction|fantasy
32,wall-e,96,science_fiction|fantasy
33,sorry to bother you,93,science_fiction|fantasy
34,invasion of the body snatchers,98,science_fiction|fantasy
35,star trek,94,science_fiction|fantasy
36,kubo and the two strings,97,science_fiction|fantasy
37,the terminator,100,science_fiction|fantasy
38,marvel's the avengers,92,science_fiction|fantasy
39,the martian,91,science_fiction|fantasy
40,mary poppins,100,science_fiction|fantasy
41,beauty and the beast,95,science_fiction|fantasy
42,miracle on 34th street,96,science_fiction|fantasy
43,star wars: episode v - the empire strikes back,95,science_fiction|fantasy
44,snowpiercer,95,science_fiction|fantasy
45,2001: a space odyssey,93,science_fiction|fantasy
46,the discreet charm of the bourgeoisie,98,science_fiction|fantasy
47,it's a wonderful life,93,science_fiction|fantasy
48,blade runner 2049,87,science_fiction|fantasy
49,her,94,science_fiction|fantasy
50,how to train your dragon,98,science_fiction|fantasy
51,avengers: infinity war,84,science_fiction|fantasy
52,8 1/2,98,science_fiction|fantasy
53,yellow submarine,97,science_fiction|fantasy
54,guardians of the galaxy,91,science_fiction|fantasy
55,beauty and the beast,94,science_fiction|fantasy
56,iron man,93,science_fiction|fantasy
57,the princess bride,97,science_fiction|fantasy
58,forbidden planet,98,science_fiction|fantasy
59,ghostbusters,97,science_fiction|fantasy
60,the nightmare before christmas,95,science_fiction|fantasy
61,big,97,science_fiction|fantasy
62,pan's labyrinth,95,science_fiction|fantasy
63,fantasia,96,science_fiction|fantasy
64,the day the earth stood still,94,science_fiction|fantasy
65,"monsters, inc.",96,science_fiction|fantasy
66,doctor strange,89,science_fiction|fantasy
67,x-men: days of future past,90,science_fiction|fantasy
68,the lord of the rings: the two towers,95,science_fiction|fantasy
69,live die repeat: edge of tomorrow,90,science_fiction|fantasy
70,looper,93,science_fiction|fantasy
71,back to the future,96,science_fiction|fantasy
72,groundhog day,96,science_fiction|fantasy
73,the iron giant,96,science_fiction|fantasy
74,spirited away,97,science_fiction|fantasy
75,solaris,96,science_fiction|fantasy
76,wings of desire,98,science_fiction|fantasy
77,gojira,93,science_fiction|fantasy
78,dawn of the planet of the apes,90,science_fiction|fantasy
79,song of the sea,99,science_fiction|fantasy
80,mad max 2: the road warrior,98,science_fiction|fantasy
81,annihilation,89,science_fiction|fantasy
82,close encounters of the third kind,96,science_fiction|fantasy
83,babe,97,science_fiction|fantasy
84,ex machina,92,science_fiction|fantasy
85,jurassic park,91,science_fiction|fantasy
86,brazil,98,science_fiction|fantasy
87,10 cloverfield lane,90,science_fiction|fantasy
88,blade runner,90,science_fiction|fantasy
89,repo man,98,science_fiction|fantasy
90,jodorowsky's dune,97,science_fiction|fantasy
91,the lord of the rings: the return of the king,93,science_fiction|fantasy
92,the seventh seal,93,science_fiction|fantasy
93,spider-man 2,93,science_fiction|fantasy
94,captain america: the winter soldier,89,science_fiction|fantasy
95,children of men,92,science_fiction|fantasy
96,the secret world of arrietty,95,science_fiction|fantasy
97,invasion of the body snatchers,94,science_fiction|fantasy
98,the evil dead,95,science_fiction|fantasy
99,district 9,90,science_fiction|fantasy
100,eternal sunshine of the spotless mind,93,science_fiction|fantasy
1,the bride of frankenstein,100,special_interest
2,frankenstein,100,special_interest
3,man on wire,100,special_interest
4,life itself,97,special_interest
5,miracle on 34th street,96,special_interest
6,the discreet charm of the bourgeoisie,98,special_interest
7,her,94,special_interest
8,amy,95,special_interest
9,taxi to the dark side,100,special_interest
10,blackfish,98,special_interest
11,murderball,98,special_interest
12,groundhog day,96,special_interest
13,inside job,98,special_interest
14,jiro dreams of sushi,99,special_interest
15,the square,100,special_interest
16,hoop dreams,98,special_interest
17,"mr. death: the rise and fall of fred a. leuchter, jr.",100,special_interest
18,afghan star,100,special_interest
19,capturing the friedmans,97,special_interest
20,waltz with bashir,96,special_interest
21,the overnighters,99,special_interest
22,jodorowsky's dune,97,special_interest
23,the interrupters,99,special_interest
24,how to survive a plague,99,special_interest
25,56 up,99,special_interest
26,last train home,100,special_interest
27,the invisible war,99,special_interest
28,spellbound,97,special_interest
29,enron: the smartest guys in the room,97,special_interest
30,love is strange,94,special_interest
31,the act of killing,95,special_interest
32,this is not a film,97,special_interest
33,elaine stritch: shoot me,98,special_interest
34,the king of kong: a fistful of quarters,97,special_interest
35,the fog of war: eleven lessons from the life of robert s. mcnamara,96,special_interest
36,bowling for columbine,95,special_interest
37,the imposter,96,special_interest
38,the war tapes,98,special_interest
39,cave of forgotten dreams,96,special_interest
40,ai weiwei: never sorry,97,special_interest
41,undefeated,96,special_interest
42,l'année dernière à marienbad,94,special_interest
43,sicko,92,special_interest
44,mea maxima culpa: silence in the house of god,98,special_interest
45,blindsight,98,special_interest
46,the devil came on horseback,98,special_interest
47,call me kuchu,98,special_interest
48,for the bible tells me so,98,special_interest
49,let the fire burn,98,special_interest
50,restrepo,96,special_interest
51,the life and times of hank greenberg,97,special_interest
52,surfwise,98,special_interest
53,bus 174,97,special_interest
54,wordplay,95,special_interest
55,control room,96,special_interest
56,burma vj: reporter i et lukket land,97,special_interest
57,no end in sight,96,special_interest
58,49 up,97,special_interest
59,winged migration,95,special_interest
60,muscle shoals,96,special_interest
61,the queen of versailles,95,special_interest
62,marley,95,special_interest
63,finding vivian maier,95,special_interest
64,an inconvenient truth,93,special_interest
65,a film unfinished,97,special_interest
66,"bigger, stronger, faster*",96,special_interest
67,sweetgrass,97,special_interest
68,trouble the water,96,special_interest
69,to be and to have,97,special_interest
70,"food, inc.",95,special_interest
71,the wild parrots of telegraph hill,95,special_interest
72,chasing ice,96,special_interest
73,"20,000 days on earth",95,special_interest
74,exit through the gift shop,95,special_interest
75,shaun of the dead,92,special_interest
76,the gatekeepers,94,special_interest
77,touching the void,94,special_interest
78,born into brothels,95,special_interest
79,crumb,95,special_interest
80,i am divine,96,special_interest
81,manakamana,96,special_interest
82,deep water,96,special_interest
83,the last of the unjust,96,special_interest
84,cutie and the boxer,95,special_interest
85,brooklyn castle,96,special_interest
86,up the yangtze,96,special_interest
87,good hair,95,special_interest
88,5 broken cameras,96,special_interest
89,national gallery,95,special_interest
90,the salt of the earth,94,special_interest
91,last days in vietnam,95,special_interest
92,plagues & pleasures on the salton sea,96,special_interest
93,promises,96,special_interest
94,the arbor,96,special_interest
95,the endurance,95,special_interest
96,eraserhead,91,special_interest
97,los angeles plays itself,96,special_interest
98,super size me,92,special_interest
99,my winnipeg,94,special_interest
100,the story of the weeping camel,94,special_interest
1,murderball,98,sports|fitness
2,hoop dreams,98,sports|fitness
3,when we were kings,98,sports|fitness
4,the king of kong: a fistful of quarters,97,sports|fitness
5,rocky,93,sports|fitness
6,undefeated,96,sports|fitness
7,the life and times of hank greenberg,97,sports|fitness
8,surfwise,98,sports|fitness
9,touching the void,94,sports|fitness
10,red army,94,sports|fitness
11,battle of the sexes,85,sports|fitness
12,the fighter,90,sports|fitness
13,the crash reel,96,sports|fitness
14,sugar,92,sports|fitness
15,the damned united,92,sports|fitness
16,boxing gym,95,sports|fitness
17,riding giants,93,sports|fitness
18,senna,92,sports|fitness
19,dogtown and z-boys,92,sports|fitness
20,the color of money,89,sports|fitness
21,tristram shandy: a cock & bull story,89,sports|fitness
22,up for grabs,92,sports|fitness
23,hoosiers,88,sports|fitness
24,field of dreams,86,sports|fitness
25,girlfight,87,sports|fitness
26,the heart of the game,87,sports|fitness
27,tyson,85,sports|fitness
28,chariots of fire,83,sports|fitness
29,the hurricane,83,sports|fitness
30,looking for eric,85,sports|fitness
31,the armstrong lie,82,sports|fitness
32,major league,82,sports|fitness
33,goon,82,sports|fitness
34,beyond the mat,82,sports|fitness
35,the boxer,80,sports|fitness
36,invictus,76,sports|fitness
37,fed up,81,sports|fitness
38,a league of their own,78,sports|fitness
39,step into liquid,81,sports|fitness
40,once in a lifetime: the extraordinary story of the new york cosmos,81,sports|fitness
41,stoked: the rise and fall of gator,81,sports|fitness
42,talladega nights: the ballad of ricky bobby,71,sports|fitness
43,invincible,72,sports|fitness
44,gunnin' for that #1 spot,74,sports|fitness
45,ultimate x: the movie,74,sports|fitness
46,the blind side,66,sports|fitness
47,more than a game,71,sports|fitness
48,secretariat,63,sports|fitness
49,dust to glory,60,sports|fitness
50,nascar: the imax experience,61,sports|fitness
51,glory road,56,sports|fitness
52,the sandlot,57,sports|fitness
53,because of winn-dixie,55,sports|fitness
54,the perfect game,57,sports|fitness
55,steep,54,sports|fitness
56,first descent,52,sports|fitness
57,soul surfer,45,sports|fitness
58,goal! the dream begins,43,sports|fitness
59,the replacements,41,sports|fitness
60,beerfest,40,sports|fitness
61,grudge match,30,sports|fitness
62,jiminy glick in lalawood,22,sports|fitness
63,playing for keeps,5,sports|fitness
1,life itself,97,television
2,afghan star,100,television
3,49 up,97,television
4,room 237,94,television
5,behind the candelabra,95,television
6,a film unfinished,97,television
7,the return,95,television
8,being elmo: a puppeteer's journey,95,television
9,"not quite hollywood: the wild, untold story of ozploitation!",95,television
10,los angeles plays itself,96,television
11,lost in la mancha,94,television
12,best worst movie,95,television
13,sing your song,95,television
14,american movie,94,television
15,the normal heart,94,television
16,"yoo-hoo, mrs. goldberg",93,television
17,the kid stays in the picture,91,television
18,side by side,92,television
19,joan rivers: a piece of work,91,television
20,f for fake,88,television
21,duel,88,television
22,saraband,91,television
23,corman's world: exploits of a hollywood rebel,92,television
24,"electric boogaloo: the wild, untold story of cannon films",91,television
25,tell them who you are,88,television
26,the five obstructions,88,television
27,doctor zhivago,82,television
28,this film is not yet rated,84,television
29,trekkies,86,television
30,inside deep throat,83,television
31,outfoxed: rupert murdoch's war on journalism,85,television
32,trumbo,83,television
33,confirmation,82,television
34,tupac: resurrection,78,television
35,overnight,78,television
36,teacher's pet,76,television
37,pom wonderful presents: the greatest movie ever sold,74,television
38,fellini: i'm a born liar,73,television
39,my date with drew,71,television
40,only human,71,television
41,waking sleeping beauty,70,television
42,porn star: the legend of ron jeremy,69,television
43,the rugrats movie,59,television
44,i'm still here,53,television
45,no strings attached,49,television
46,bamboozled,48,television
47,the real cancun,35,television
48,i am,36,television
49,15 minutes,32,television
50,man of the year,22,television
51,pokemon 3: the movie,21,television
52,the honeymooners,13,television
53,from justin to kelly,10,television
1,the treasure of the sierra madre,100,western
2,"the good, the bad and the ugly",97,western
3,high noon,96,western
4,the searchers,100,western
5,rio bravo,100,western
6,once upon a time in the west,98,western
7,true grit,96,western
8,unforgiven,96,western
9,a fistful of dollars,98,western
10,the wild bunch,94,western
11,the ballad of buster scruggs,92,western
12,johnny guitar,95,western
13,giant,95,western
14,sweetgrass,97,western
15,the man who shot liberty valance,93,western
16,lone star,94,western
17,butch cassidy and the sundance kid,90,western
18,3:10 to yuma,89,western
19,django unchained,86,western
20,blazing saddles,90,western
21,true grit,88,western
22,mccabe & mrs. miller,89,western
23,bone tomahawk,91,western
24,the magnificent seven,88,western
25,near dark,88,western
26,the three burials of melquiades estrada,85,western
27,meek's cutoff,86,western
28,the proposition,85,western
29,dances with wolves,82,western
30,the homesman,81,western
31,the hateful eight,74,western
32,"the good, the bad, the weird",83,western
33,open range,79,western
34,shanghai noon,79,western
35,appaloosa,76,western
36,the assassination of jesse james by the coward robert ford,76,western
37,hostiles,71,western
38,red hill,78,western
39,in a valley of violence,76,western
40,the keeping room,75,western
41,the horse whisperer,74,western
42,blackthorn,75,western
43,tombstone,73,western
44,fah talai jone,74,western
45,the magnificent seven,63,western
46,the salvation,72,western
47,dead man,70,western
48,the rover,66,western
49,maverick,66,western
50,the claim,62,western
51,the missing,58,western
52,heaven's gate,57,western
53,legends of the fall,56,western
54,the quick and the dead,57,western
55,sukiyaki western django,56,western
56,the killer inside me,54,western
57,seraphim falls,55,western
58,ned kelly,56,western
59,down in the valley,52,western
60,cowboys & aliens,45,western
61,forsaken,43,western
62,jane got a gun,41,western
63,brimstone,41,western
64,a million ways to die in the west,33,western
65,the lone ranger,31,western
66,the alamo,29,western
67,the warrior's way,28,western
68,the dark tower,16,western
69,wild wild west,17,western
70,priest,15,western
71,american outlaws,14,western
72,september dawn,15,western
73,jonah hex,12,western
74,texas rangers,2,western
